match,award,player_or_detail,team
Tournament,Player of the Tournament,Sanju Samson,India
Tournament,Most Runs,Sahibzada Farhan,Pakistan
Tournament,Most Wickets (Joint),Jasprit Bumrah,India
Tournament,Most Wickets (Joint),Varun Chakravarthy,India
Tournament,Fastest Century,Finn Allen,New Zealand
Tournament,Best Bowling Figures,Romario Shepherd,West Indies
Tournament,Highest Individual Score in Final,Sanju Samson,India
Tournament,Highest Team Total in Final,India 255/5,India
Tournament,Most Sixes,Sanju Samson,India
Tournament,Total Centuries in Tournament,6 centuries,N/A
Final,Player of the Match,Sanju Samson,India
SF1,Player of the Match,Finn Allen,New Zealand
SF2,Player of the Match,Sanju Samson,India
Match 52,Player of the Match,Sanju Samson,India
Match 47,Player of the Match,Shadab Khan,Pakistan
Match 46,Player of the Match,Sanju Samson,India
Match 43,Player of the Match,Jacob Bethell,England
Match 42,Player of the Match,Sanju Samson,India
Match 41,Player of the Match,Aiden Markram,South Africa
Match 35,Player of the Match,Sahibzada Farhan,Pakistan
Match 29,Player of the Match,Harry Brook,England
Match 12,Player of the Match,Sahibzada Farhan,Pakistan
