group,team,matches_played,won,lost,no_result,net_run_rate,points,qualified,stage
A,India,5,5,0,0,3.12,10,Yes,Group Stage
A,Pakistan,5,4,1,0,1.85,8,Yes,Group Stage
A,Netherlands,5,2,3,0,-0.45,4,No,Group Stage
A,USA,5,1,4,0,-1.2,2,No,Group Stage
A,Namibia,5,0,5,0,-3.1,0,No,Group Stage
B,Sri Lanka,5,4,1,0,1.95,8,Yes,Group Stage
B,Zimbabwe,5,3,1,1,0.65,7,Yes,Group Stage
B,Australia,5,2,2,1,0.3,5,No,Group Stage
B,Ireland,5,1,3,1,-0.85,3,No,Group Stage
B,Oman,5,0,5,0,-2.05,0,No,Group Stage
C,England,5,5,0,0,2.5,10,Yes,Group Stage
C,West Indies,5,3,2,0,0.8,6,Yes,Group Stage
C,Scotland,5,2,3,0,-0.15,4,No,Group Stage
C,Nepal,5,1,4,0,-1.1,2,No,Group Stage
C,Italy,5,0,5,0,-2.85,0,No,Group Stage
D,South Africa,5,4,1,0,2.0,8,Yes,Group Stage
D,New Zealand,5,4,1,0,1.75,8,Yes,Group Stage
D,Afghanistan,5,2,3,0,-0.4,4,No,Group Stage
D,Canada,5,1,4,0,-1.3,2,No,Group Stage
D,UAE,5,0,5,0,-2.25,0,No,Group Stage
SE1,India,3,3,0,0,2.8,6,Yes - SF,Super Eight
SE1,South Africa,3,3,0,0,1.5,6,Yes - SF,Super Eight
SE1,West Indies,3,1,2,0,-0.6,2,No,Super Eight
SE1,Zimbabwe,3,0,3,0,-2.9,0,No,Super Eight
SE2,England,3,2,0,1,1.2,5,Yes - SF,Super Eight
SE2,New Zealand,3,1,1,1,0.4,3,Yes - SF,Super Eight
SE2,Pakistan,3,1,1,1,-0.3,3,No,Super Eight
SE2,Sri Lanka,3,0,3,0,-1.5,0,No,Super Eight
